"Cocktail Name","Ingredients","Taste","Ingredient_Break_Down","Weight","combined","counter","vector"
"Monkey Gland","50ml london dry gin,15ml absinthe,15ml grenadine,60ml orange juice","['floral', 'herbal', 'spicy', 'citrusy', 'sweet', 'fruity', 'sweet']","['gin', 'absinthe']","light","['gin', 'absinthe', 'floral', 'herbal', 'spicy', 'citrusy', 'sweet', 'fruity', 'sweet']","Counter({'sweet': 2, 'gin': 1, 'absinthe': 1, 'floral': 1, 'herbal': 1, 'spicy': 1, 'citrusy': 1, 'fruity': 1})","[0, 5, 0, 0, 0, 0, 0, 0, 5, 0, 0, 2, 0, 0, 1, 0, 1, 1, 1, 0, 1, 0, 0, 0, 0, 0, 0, 0]"
"Mitch Martini","50ml bison grass vodka,10ml peach liqueur,10ml passionfruit syrup,50ml apple juice","['citrusy', 'sour', 'citrusy', 'sour', 'sweet', 'fruity', 'sweet', 'fruity', 'sweet']","['vodka']","light","['vodka', 'citrusy', 'sour', 'citrusy', 'sour', 'sweet', 'fruity', 'sweet', 'fruity', 'sweet']","Counter({'sweet': 3, 'citrusy': 2, 'sour': 2, 'fruity': 2, 'vodka': 1})","[0, 0, 0, 0, 5, 0, 0, 0, 0, 0, 0, 3, 2, 0, 0, 0, 2, 0, 0, 0, 2, 0, 0, 0, 0, 0, 0, 0]"
"Painkiller","50ml pusser’s navy strength rum,75ml pineapple juice,30ml orange juice,30ml coconut cream","['sweet', 'citrusy', 'sweet', 'creamy', 'creamy', 'sweet', 'sweet', 'fruity', 'sweet', 'fruity', 'sweet', 'creamy', 'nutty']","['rum']","light","['rum', 'sweet', 'citrusy', 'sweet', 'creamy', 'creamy', 'sweet', 'sweet', 'fruity', 'sweet', 'fruity', 'sweet', 'creamy', 'nutty']","Counter({'sweet': 6, 'creamy': 3, 'fruity': 2, 'rum': 1, 'citrusy': 1, 'nutty': 1})","[0, 0, 5, 0, 0, 0, 0, 0, 0, 0, 0, 6, 0, 0, 0, 0, 1, 0, 0, 3, 2, 0, 0, 1, 0, 0, 0, 0]"
"Brandy Alexander","30ml brandy,25ml dark crème de cacao,50ml half/half (1:1 cream/milk)","['creamy']","[]","light","['creamy']","Counter({'creamy': 1})","[0, 0, 0, 0, 0, 0, 0, 0, 0, 0, 0, 0, 0, 0, 0, 0, 0, 0, 0, 1, 0, 0, 0, 0, 0, 0, 0, 0]"
"Japanese Slipper","30ml midori,30ml triple sec,25ml lemon juice","['citrusy', 'sweet', 'sweet', 'fruity', 'citrusy', 'sour']","[]","light","['citrusy', 'sweet', 'sweet', 'fruity', 'citrusy', 'sour']","Counter({'citrusy': 2, 'sweet': 2, 'fruity': 1, 'sour': 1})","[0, 0, 0, 0, 0, 0, 0, 0, 0, 0, 0, 2, 1, 0, 0, 0, 2, 0, 0, 0, 1, 0, 0, 0, 0, 0, 0, 0]"
"Greyhound","50ml vodka/gin,75ml pink grapefruit juice","['floral', 'herbal', 'spicy', 'sweet', 'fruity']","['gin', 'vodka']","light","['gin', 'vodka', 'floral', 'herbal', 'spicy', 'sweet', 'fruity']","Counter({'gin': 1, 'vodka': 1, 'floral': 1, 'herbal': 1, 'spicy': 1, 'sweet': 1, 'fruity': 1})","[0, 5, 0, 0, 5, 0, 0, 0, 0, 0, 0, 1, 0, 0, 1, 0, 0, 1, 1, 0, 1, 0, 0, 0, 0, 0, 0, 0]"
"Hedgerow Sling","25ml gin,25ml sloe gin,25ml lemon juice,10ml gomme,15ml crème de mure (laced),dash soda","['floral', 'herbal', 'spicy', 'creamy', 'carbonated', 'citrusy', 'sour', 'sweet']","['gin']","light","['gin', 'floral', 'herbal', 'spicy', 'creamy', 'carbonated', 'citrusy', 'sour', 'sweet']","Counter({'gin': 1, 'floral': 1, 'herbal': 1, 'spicy': 1, 'creamy': 1, 'carbonated': 1, 'citrusy': 1, 'sour': 1, 'sweet': 1})","[0, 5, 0, 0, 0, 0, 0, 0, 0, 0, 0, 1, 1, 0, 1, 0, 1, 1, 1, 1, 0, 0, 0, 0, 1, 0, 0, 0]"
"Caiparissima","50ml rum,6 wedges lime,15ml demerara sugar syrup","['sweet', 'citrusy', 'sour', 'sweet']","['rum']","light","['rum', 'sweet', 'citrusy', 'sour', 'sweet']","Counter({'sweet': 2, 'rum': 1, 'citrusy': 1, 'sour': 1})","[0, 0, 5, 0, 0, 0, 0, 0, 0, 0, 0, 2, 1, 0, 0, 0, 1, 0, 0, 0, 0, 0, 0, 0, 0, 0, 0, 0]"
"Lynchburg Lemonade","35ml jack daniel’s,25ml triple sec,25ml lemon juice,50ml lemonade","['spicy', 'smoky', 'vanilla', 'caramel', 'citrusy', 'sweet', 'citrusy', 'sour']","['whiskey']","light","['whiskey', 'spicy', 'smoky', 'vanilla', 'caramel', 'citrusy', 'sweet', 'citrusy', 'sour']","Counter({'citrusy': 2, 'whiskey': 1, 'spicy': 1, 'smoky': 1, 'vanilla': 1, 'caramel': 1, 'sweet': 1, 'sour': 1})","[5, 0, 0, 0, 0, 0, 0, 0, 0, 0, 0, 1, 1, 0, 1, 0, 2, 0, 0, 0, 0, 0, 1, 0, 0, 1, 1, 0]"
"The Gold Record","25ml plantation pineapple rum,25ml apricot brandy,15ml vanilla syrup,25ml passionfruit juice,20ml lemon juice,soda top","['sweet', 'carbonated', 'herbal', 'floral', 'citrusy', 'sour', 'citrusy', 'sour', 'sweet', 'fruity', 'sweet', 'fruity', 'vanilla', 'sweet']","['rum']","light","['rum', 'sweet', 'carbonated', 'herbal', 'floral', 'citrusy', 'sour', 'citrusy', 'sour', 'sweet', 'fruity', 'sweet', 'fruity', 'vanilla', 'sweet']","Counter({'sweet': 4, 'citrusy': 2, 'sour': 2, 'fruity': 2, 'rum': 1, 'carbonated': 1, 'herbal': 1, 'floral': 1, 'vanilla': 1})","[0, 0, 5, 0, 0, 0, 0, 0, 0, 0, 0, 4, 2, 0, 0, 0, 2, 1, 1, 0, 2, 0, 0, 0, 1, 0, 1, 0]"
"Tequila Sunrise","50ml tequila,75ml orange juice,15ml grenadine","['herbal', 'spicy', 'citrusy', 'sweet', 'fruity', 'sweet']","['tequila']","light","['tequila', 'herbal', 'spicy', 'citrusy', 'sweet', 'fruity', 'sweet']","Counter({'sweet': 2, 'tequila': 1, 'herbal': 1, 'spicy': 1, 'citrusy': 1, 'fruity': 1})","[0, 0, 0, 5, 0, 0, 0, 0, 0, 0, 0, 2, 0, 0, 1, 0, 1, 0, 1, 0, 1, 0, 0, 0, 0, 0, 0, 0]"
"John Collins","50ml london dry gin,25ml lemon juice,15ml gomme,top soda","['floral', 'herbal', 'spicy', 'carbonated', 'citrusy', 'sour', 'sweet']","['gin']","light","['gin', 'floral', 'herbal', 'spicy', 'carbonated', 'citrusy', 'sour', 'sweet']","Counter({'gin': 1, 'floral': 1, 'herbal': 1, 'spicy': 1, 'carbonated': 1, 'citrusy': 1, 'sour': 1, 'sweet': 1})","[0, 5, 0, 0, 0, 0, 0, 0, 0, 0, 0, 1, 1, 0, 1, 0, 1, 1, 1, 0, 0, 0, 0, 0, 1, 0, 0, 0]"
"Dubonnet","40ml gin,20ml dubonnet","['floral', 'herbal', 'spicy', 'sweet', 'herbal', 'spicy']","['gin']","heavy","['gin', 'floral', 'herbal', 'spicy', 'sweet', 'herbal', 'spicy']","Counter({'herbal': 2, 'spicy': 2, 'gin': 1, 'floral': 1, 'sweet': 1})","[0, 5, 0, 0, 0, 0, 0, 0, 0, 0, 0, 1, 0, 0, 2, 0, 0, 1, 2, 0, 0, 0, 0, 0, 0, 0, 0, 3]"
"Sex On The Beach","35ml vodka,15ml peach schnapps,50ml cranberry juice,50ml orange juice","['citrusy', 'sweet', 'sweet', 'fruity', 'sour', 'bitter', 'sweet', 'fruity']","['vodka']","light","['vodka', 'citrusy', 'sweet', 'sweet', 'fruity', 'sour', 'bitter', 'sweet', 'fruity']","Counter({'sweet': 3, 'fruity': 2, 'vodka': 1, 'citrusy': 1, 'sour': 1, 'bitter': 1})","[0, 0, 0, 0, 5, 0, 0, 0, 0, 0, 0, 3, 1, 1, 0, 0, 1, 0, 0, 0, 2, 0, 0, 0, 0, 0, 0, 0]"
"Lemon Drop","35ml vodka,15ml triple sec,25ml lemon juice,15ml gomme","['citrusy', 'sweet', 'citrusy', 'sour', 'sweet']","['vodka']","light","['vodka', 'citrusy', 'sweet', 'citrusy', 'sour', 'sweet']","Counter({'citrusy': 2, 'sweet': 2, 'vodka': 1, 'sour': 1})","[0, 0, 0, 0, 5, 0, 0, 0, 0, 0, 0, 2, 1, 0, 0, 0, 2, 0, 0, 0, 0, 0, 0, 0, 0, 0, 0, 0]"
"Bijou","35ml gin,20ml chartreuse,25ml sweet vermouth,2 dashes orange bitters","['floral', 'herbal', 'spicy', 'sweet', 'spicy', 'herbal', 'bitter', 'floral', 'herbal', 'spicy', 'bitter']","['gin']","heavy","['gin', 'floral', 'herbal', 'spicy', 'sweet', 'spicy', 'herbal', 'bitter', 'floral', 'herbal', 'spicy', 'bitter']","Counter({'herbal': 3, 'spicy': 3, 'floral': 2, 'bitter': 2, 'gin': 1, 'sweet': 1})","[0, 5, 0, 0, 0, 0, 0, 0, 0, 0, 0, 1, 0, 2, 3, 0, 0, 2, 3, 0, 0, 0, 0, 0, 0, 0, 0, 3]"
"Whiskey Mac","40ml islay single malt,20ml ginger wine","['spicy', 'smoky', 'vanilla', 'caramel', 'spicy']","['whiskey', 'wine']","heavy","['whiskey', 'wine', 'spicy', 'smoky', 'vanilla', 'caramel', 'spicy']","Counter({'spicy': 2, 'whiskey': 1, 'wine': 1, 'smoky': 1, 'vanilla': 1, 'caramel': 1})","[5, 0, 0, 0, 0, 0, 0, 5, 0, 0, 0, 0, 0, 0, 2, 0, 0, 0, 0, 0, 0, 0, 1, 0, 0, 1, 1, 3]"
"Martinez","50ml genever,25ml sweet vermouth,15ml dry vermouth,10ml orange curacao,dash angostura bitters","['floral', 'herbal', 'spicy', 'sweet', 'spicy', 'herbal', 'bitter', 'floral', 'herbal', 'bitter']","['gin']","heavy","['gin', 'floral', 'herbal', 'spicy', 'sweet', 'spicy', 'herbal', 'bitter', 'floral', 'herbal', 'bitter']","Counter({'herbal': 3, 'floral': 2, 'spicy': 2, 'bitter': 2, 'gin': 1, 'sweet': 1})","[0, 5, 0, 0, 0, 0, 0, 0, 0, 0, 0, 1, 0, 2, 2, 0, 0, 2, 3, 0, 0, 0, 0, 0, 0, 0, 0, 3]"
"Calvados Old Fashioned","50ml calvados,10ml honey & cinnamon syrup,2 dash bitters","['spicy', 'smoky', 'vanilla', 'caramel', 'spicy', 'bitter', 'sweet']","['whiskey']","light","['whiskey', 'spicy', 'smoky', 'vanilla', 'caramel', 'spicy', 'bitter', 'sweet']","Counter({'spicy': 2, 'whiskey': 1, 'smoky': 1, 'vanilla': 1, 'caramel': 1, 'bitter': 1, 'sweet': 1})","[5, 0, 0, 0, 0, 0, 0, 0, 0, 0, 0, 1, 0, 1, 2, 0, 0, 0, 0, 0, 0, 0, 1, 0, 0, 1, 1, 0]"
"Blood & Sand","20ml scotch,20ml sweet vermouth,20ml cherry heering liqueur,20ml orange juice","['spicy', 'smoky', 'vanilla', 'caramel', 'sweet', 'spicy', 'herbal', 'bitter', 'citrusy', 'sweet', 'sweet', 'fruity']","['whiskey']","light","['whiskey', 'spicy', 'smoky', 'vanilla', 'caramel', 'sweet', 'spicy', 'herbal', 'bitter', 'citrusy', 'sweet', 'sweet', 'fruity']","Counter({'sweet': 3, 'spicy': 2, 'whiskey': 1, 'smoky': 1, 'vanilla': 1, 'caramel': 1, 'herbal': 1, 'bitter': 1, 'citrusy': 1, 'fruity': 1})","[5, 0, 0, 0, 0, 0, 0, 0, 0, 0, 0, 3, 0, 1, 2, 0, 1, 0, 1, 0, 1, 0, 1, 0, 0, 1, 1, 0]"
"Red Snapper","50ml vodka,100ml tomato juice,7.5ml lemon juice,3 dashes tabasco sauce,8 dashes worcestershire sauce,pinch celery salt,pinch black pepper","['citrusy', 'sour', 'spicy', 'herbal', 'spicy', 'spicy', 'sour', 'salty']","['vodka']","light","['vodka', 'citrusy', 'sour', 'spicy', 'herbal', 'spicy', 'spicy', 'sour', 'salty']","Counter({'spicy': 3, 'sour': 2, 'vodka': 1, 'citrusy': 1, 'herbal': 1, 'salty': 1})","[0, 0, 0, 0, 5, 0, 0, 0, 0, 0, 0, 0, 2, 0, 3, 1, 1, 0, 1, 0, 0, 0, 0, 0, 0, 0, 0, 0]"
"Boulevardier","25ml bourbon whiskey,25ml campari,25ml sweet vermouth,garnish: flamed orange","['spicy', 'smoky', 'vanilla', 'caramel', 'sweet', 'spicy', 'herbal', 'bitter', 'bitter', 'citrusy']","['whiskey']","heavy","['whiskey', 'spicy', 'smoky', 'vanilla', 'caramel', 'sweet', 'spicy', 'herbal', 'bitter', 'bitter', 'citrusy']","Counter({'spicy': 2, 'bitter': 2, 'whiskey': 1, 'smoky': 1, 'vanilla': 1, 'caramel': 1, 'sweet': 1, 'herbal': 1, 'citrusy': 1})","[5, 0, 0, 0, 0, 0, 0, 0, 0, 0, 0, 1, 0, 2, 2, 0, 1, 0, 1, 0, 0, 0, 1, 0, 0, 1, 1, 3]"
"Bees Knees","50ml gin,20ml lemon juice,15ml honey syrup","['floral', 'herbal', 'spicy', 'citrusy', 'sour', 'sweet']","['gin']","light","['gin', 'floral', 'herbal', 'spicy', 'citrusy', 'sour', 'sweet']","Counter({'gin': 1, 'floral': 1, 'herbal': 1, 'spicy': 1, 'citrusy': 1, 'sour': 1, 'sweet': 1})","[0, 5, 0, 0, 0, 0, 0, 0, 0, 0, 0, 1, 1, 0, 1, 0, 1, 1, 1, 0, 0, 0, 0, 0, 0, 0, 0, 0]"
"Rusty Nail","40ml scotch,20ml drambuie","['spicy', 'smoky', 'vanilla', 'caramel', 'sweet', 'spicy', 'herbal', 'smoky', 'caramel', 'vanilla']","['whiskey']","heavy","['whiskey', 'spicy', 'smoky', 'vanilla', 'caramel', 'sweet', 'spicy', 'herbal', 'smoky', 'caramel', 'vanilla']","Counter({'spicy': 2, 'smoky': 2, 'vanilla': 2, 'caramel': 2, 'whiskey': 1, 'sweet': 1, 'herbal': 1})","[5, 0, 0, 0, 0, 0, 0, 0, 0, 0, 0, 1, 0, 0, 2, 0, 0, 0, 1, 0, 0, 0, 2, 0, 0, 2, 2, 3]"
"Gin Rickey","50ml gin,3 lime wedges squeezed,top soda","['floral', 'herbal', 'spicy', 'carbonated', 'citrusy', 'sour']","['gin']","light","['gin', 'floral', 'herbal', 'spicy', 'carbonated', 'citrusy', 'sour']","Counter({'gin': 1, 'floral': 1, 'herbal': 1, 'spicy': 1, 'carbonated': 1, 'citrusy': 1, 'sour': 1})","[0, 5, 0, 0, 0, 0, 0, 0, 0, 0, 0, 0, 1, 0, 1, 0, 1, 1, 1, 0, 0, 0, 0, 0, 1, 0, 0, 0]"
"Rum Old Fashioned","40ml aged rum,15ml velvet falernum,3 dash bitters,5ml demerara sugar","['sweet', 'sweet', 'spicy', 'citrusy', 'bitter']","['rum']","heavy","['rum', 'sweet', 'sweet', 'spicy', 'citrusy', 'bitter']","Counter({'sweet': 2, 'rum': 1, 'spicy': 1, 'citrusy': 1, 'bitter': 1})","[0, 0, 5, 0, 0, 0, 0, 0, 0, 0, 0, 2, 0, 1, 1, 0, 1, 0, 0, 0, 0, 0, 0, 0, 0, 0, 0, 3]"
"Caiprioska","50ml vodka,5 lime wedges,15ml gomme","['citrusy', 'sour', 'sweet']","['vodka']","light","['vodka', 'citrusy', 'sour', 'sweet']","Counter({'vodka': 1, 'citrusy': 1, 'sour': 1, 'sweet': 1})","[0, 0, 0, 0, 5, 0, 0, 0, 0, 0, 0, 1, 1, 0, 0, 0, 1, 0, 0, 0, 0, 0, 0, 0, 0, 0, 0, 0]"
"Jungle Bird","35ml dark rum,15ml campari,50ml pineapple juice,15ml lime juice,10ml gomme","['sweet', 'caramel', 'smoky', 'bitter', 'citrusy', 'citrusy', 'sour', 'sweet', 'fruity', 'sweet', 'fruity', 'sweet']","['rum']","light","['rum', 'sweet', 'caramel', 'smoky', 'bitter', 'citrusy', 'citrusy', 'sour', 'sweet', 'fruity', 'sweet', 'fruity', 'sweet']","Counter({'sweet': 4, 'citrusy': 2, 'fruity': 2, 'rum': 1, 'caramel': 1, 'smoky': 1, 'bitter': 1, 'sour': 1})","[0, 0, 5, 0, 0, 0, 0, 0, 0, 0, 0, 4, 1, 1, 0, 0, 2, 0, 0, 0, 2, 0, 1, 0, 0, 1, 0, 0]"
"Brooklyn","50ml rye whiskey,10ml dry vermouth,10ml amer picon,10ml maraschino","['spicy', 'smoky', 'vanilla', 'caramel', 'floral', 'herbal', 'bitter', 'citrusy', 'herbal', 'bitter', 'fruity', 'sour']","['whiskey']","heavy","['whiskey', 'spicy', 'smoky', 'vanilla', 'caramel', 'floral', 'herbal', 'bitter', 'citrusy', 'herbal', 'bitter', 'fruity', 'sour']","Counter({'herbal': 2, 'bitter': 2, 'whiskey': 1, 'spicy': 1, 'smoky': 1, 'vanilla': 1, 'caramel': 1, 'floral': 1, 'citrusy': 1, 'fruity': 1, 'sour': 1})","[5, 0, 0, 0, 0, 0, 0, 0, 0, 0, 0, 0, 1, 2, 1, 0, 1, 1, 2, 0, 1, 0, 1, 0, 0, 1, 1, 3]"
"Sangria","1 bottle of dry rose or red wine,75ml triple sec,50ml brandy,25ml gomme,50ml fresh orange juice (the fresher the better)","['citrusy', 'sweet', 'citrusy', 'sweet', 'sweet']","['wine']","light","['wine', 'citrusy', 'sweet', 'citrusy', 'sweet', 'sweet']","Counter({'sweet': 3, 'citrusy': 2, 'wine': 1})","[0, 0, 0, 0, 0, 0, 0, 5, 0, 0, 0, 3, 0, 0, 0, 0, 2, 0, 0, 0, 0, 0, 0, 0, 0, 0, 0, 0]"
"Navy Grog","20ml white rum,20ml dark rum,20ml demerara rum,20ml lime juice,20ml grapefruit juice,15ml honey syrup,top soda","['sweet', 'caramel', 'smoky', 'carbonated', 'citrusy', 'sour', 'sweet', 'fruity', 'sweet']","['rum']","light","['rum', 'sweet', 'caramel', 'smoky', 'carbonated', 'citrusy', 'sour', 'sweet', 'fruity', 'sweet']","Counter({'sweet': 3, 'rum': 1, 'caramel': 1, 'smoky': 1, 'carbonated': 1, 'citrusy': 1, 'sour': 1, 'fruity': 1})","[0, 0, 5, 0, 0, 0, 0, 0, 0, 0, 0, 3, 1, 0, 0, 0, 1, 0, 0, 0, 1, 0, 1, 0, 1, 1, 0, 0]"
"Hot Buttered Rum","1 tablespoon butter,10ml vanilla sugar syrup,pinch on cinnamon, nutmeg & allspice,35ml aged rum,top hot water","['sweet', 'creamy', 'spicy', 'vanilla', 'sweet']","['rum']","light","['rum', 'sweet', 'creamy', 'spicy', 'vanilla', 'sweet']","Counter({'sweet': 2, 'rum': 1, 'creamy': 1, 'spicy': 1, 'vanilla': 1})","[0, 0, 5, 0, 0, 0, 0, 0, 0, 0, 0, 2, 0, 0, 1, 0, 0, 0, 0, 1, 0, 0, 0, 0, 0, 0, 1, 0]"
"Bronx","50ml gin,10ml sweet vermouth,10ml dry vermouth,30ml fresh orange juice","['floral', 'herbal', 'spicy', 'sweet', 'spicy', 'herbal', 'bitter', 'floral', 'herbal', 'citrusy', 'sweet']","['gin']","heavy","['gin', 'floral', 'herbal', 'spicy', 'sweet', 'spicy', 'herbal', 'bitter', 'floral', 'herbal', 'citrusy', 'sweet']","Counter({'herbal': 3, 'floral': 2, 'spicy': 2, 'sweet': 2, 'gin': 1, 'bitter': 1, 'citrusy': 1})","[0, 5, 0, 0, 0, 0, 0, 0, 0, 0, 0, 2, 0, 1, 2, 0, 1, 2, 3, 0, 0, 0, 0, 0, 0, 0, 0, 3]"
"Irish Coffee","50ml irish whiskey (sub out for variations),15ml demerara sugar syrup,top to 1cm under the rim with fresh coffee,layer 1cm whipped cream","['spicy', 'smoky', 'vanilla', 'caramel', 'creamy', 'caramel', 'sweet']","['whiskey', 'coffee']","light","['whiskey', 'coffee', 'spicy', 'smoky', 'vanilla', 'caramel', 'creamy', 'caramel', 'sweet']","Counter({'caramel': 2, 'whiskey': 1, 'coffee': 1, 'spicy': 1, 'smoky': 1, 'vanilla': 1, 'creamy': 1, 'sweet': 1})","[5, 0, 0, 0, 0, 0, 0, 0, 0, 5, 0, 1, 0, 0, 1, 0, 0, 0, 0, 1, 0, 0, 1, 0, 0, 2, 1, 0]"
"Grasshopper","25ml peppermint liqueur,25ml creme de cacao,75ml half & half (1:1 cream/milk)","['herbal', 'creamy', 'spicy', 'herbal']","[]","light","['herbal', 'creamy', 'spicy', 'herbal']","Counter({'herbal': 2, 'creamy': 1, 'spicy': 1})","[0, 0, 0, 0, 0, 0, 0, 0, 0, 0, 0, 0, 0, 0, 1, 0, 0, 0, 2, 1, 0, 0, 0, 0, 0, 0, 0, 0]"
"Corpse Reviver No2","25ml gin,25ml lillet,25ml triple sec,5ml absinthe,25ml lemon juice","['floral', 'herbal', 'spicy', 'citrusy', 'sweet', 'sweet', 'fruity', 'citrusy', 'floral', 'citrusy', 'sour']","['gin', 'wine', 'absinthe']","light","['gin', 'wine', 'absinthe', 'floral', 'herbal', 'spicy', 'citrusy', 'sweet', 'sweet', 'fruity', 'citrusy', 'floral', 'citrusy', 'sour']","Counter({'citrusy': 3, 'floral': 2, 'sweet': 2, 'gin': 1, 'wine': 1, 'absinthe': 1, 'herbal': 1, 'spicy': 1, 'fruity': 1, 'sour': 1})","[0, 5, 0, 0, 0, 0, 0, 5, 5, 0, 0, 2, 1, 0, 1, 0, 3, 2, 1, 0, 1, 0, 0, 0, 0, 0, 0, 0]"
"Hurricane","25ml dark rum,25ml light rum,50ml passionfruit juice,25ml orange juice,15ml lime juice,10ml grenadine syrup,10ml gomme syrup","['sweet', 'fruity', 'caramel', 'smoky', 'citrusy', 'sweet', 'fruity', 'sweet', 'citrusy', 'sour', 'citrusy', 'sour', 'sweet']","['rum']","light","['rum', 'sweet', 'fruity', 'caramel', 'smoky', 'citrusy', 'sweet', 'fruity', 'sweet', 'citrusy', 'sour', 'citrusy', 'sour', 'sweet']","Counter({'sweet': 4, 'citrusy': 3, 'fruity': 2, 'sour': 2, 'rum': 1, 'caramel': 1, 'smoky': 1})","[0, 0, 5, 0, 0, 0, 0, 0, 0, 0, 0, 4, 2, 0, 0, 0, 3, 0, 0, 0, 2, 0, 1, 0, 0, 1, 0, 0]"
"Sidecar","30ml brandy,30ml triple sec,30ml lemon juice","['citrusy', 'sweet', 'citrusy', 'sour']","[]","light","['citrusy', 'sweet', 'citrusy', 'sour']","Counter({'citrusy': 2, 'sweet': 1, 'sour': 1})","[0, 0, 0, 0, 0, 0, 0, 0, 0, 0, 0, 1, 1, 0, 0, 0, 2, 0, 0, 0, 0, 0, 0, 0, 0, 0, 0, 0]"
"Batida","50ml cachaça,60ml fruit puree,15ml lime juice,25ml condensed milk","['sweet', 'herbal', 'fruity', 'creamy', 'creamy', 'sweet', 'citrusy', 'sour', 'sweet', 'fruity']","[]","light","['sweet', 'herbal', 'fruity', 'creamy', 'creamy', 'sweet', 'citrusy', 'sour', 'sweet', 'fruity']","Counter({'sweet': 3, 'fruity': 2, 'creamy': 2, 'herbal': 1, 'citrusy': 1, 'sour': 1})","[0, 0, 0, 0, 0, 0, 0, 0, 0, 0, 0, 3, 1, 0, 0, 0, 1, 0, 1, 2, 2, 0, 0, 0, 0, 0, 0, 0]"
"Champagne","10ml cognac,1 brown sugar cube,2 dashes angostura bitters,top champagne","['fruity', 'sweet', 'spicy', 'caramel', 'vanilla', 'bitter', 'sweet']","['brandy', 'champagne']","heavy","['brandy', 'champagne', 'fruity', 'sweet', 'spicy', 'caramel', 'vanilla', 'bitter', 'sweet']","Counter({'sweet': 2, 'brandy': 1, 'champagne': 1, 'fruity': 1, 'spicy': 1, 'caramel': 1, 'vanilla': 1, 'bitter': 1})","[0, 0, 0, 0, 0, 5, 5, 0, 0, 0, 0, 2, 0, 1, 1, 0, 0, 0, 0, 0, 1, 0, 0, 0, 0, 1, 1, 3]"
"Southside","50ml gin,25ml lemon juice,15ml gomme,6 mint leaves","['floral', 'herbal', 'spicy', 'herbal', 'citrusy', 'sour', 'sweet']","['gin']","light","['gin', 'floral', 'herbal', 'spicy', 'herbal', 'citrusy', 'sour', 'sweet']","Counter({'herbal': 2, 'gin': 1, 'floral': 1, 'spicy': 1, 'citrusy': 1, 'sour': 1, 'sweet': 1})","[0, 5, 0, 0, 0, 0, 0, 0, 0, 0, 0, 1, 1, 0, 1, 0, 1, 1, 2, 0, 0, 0, 0, 0, 0, 0, 0, 0]"
"Mimosa","50ml fresh orange juice,top sparkling wine","['citrusy', 'sweet']","['wine']","light","['wine', 'citrusy', 'sweet']","Counter({'wine': 1, 'citrusy': 1, 'sweet': 1})","[0, 0, 0, 0, 0, 0, 0, 5, 0, 0, 0, 1, 0, 0, 0, 0, 1, 0, 0, 0, 0, 0, 0, 0, 0, 0, 0, 0]"
"Penicillin","40ml scotch,15ml ginger liqueur,15ml islay whiskey,20ml lemon juice,10ml honey","['spicy', 'smoky', 'vanilla', 'caramel', 'spicy', 'citrusy', 'sour', 'sweet']","['whiskey']","light","['whiskey', 'spicy', 'smoky', 'vanilla', 'caramel', 'spicy', 'citrusy', 'sour', 'sweet']","Counter({'spicy': 2, 'whiskey': 1, 'smoky': 1, 'vanilla': 1, 'caramel': 1, 'citrusy': 1, 'sour': 1, 'sweet': 1})","[5, 0, 0, 0, 0, 0, 0, 0, 0, 0, 0, 1, 1, 0, 2, 0, 1, 0, 0, 0, 0, 0, 1, 0, 0, 1, 1, 0]"
"El Diablo","35ml reposado tequila,15ml cassis,15ml lime juice,60ml ginger beer","['herbal', 'spicy', 'sweet', 'fruity', 'carbonated', 'spicy', 'citrusy', 'sour']","['tequila']","light","['tequila', 'herbal', 'spicy', 'sweet', 'fruity', 'carbonated', 'spicy', 'citrusy', 'sour']","Counter({'spicy': 2, 'tequila': 1, 'herbal': 1, 'sweet': 1, 'fruity': 1, 'carbonated': 1, 'citrusy': 1, 'sour': 1})","[0, 0, 0, 5, 0, 0, 0, 0, 0, 0, 0, 1, 1, 0, 2, 0, 1, 0, 1, 0, 1, 0, 0, 0, 1, 0, 0, 0]"
"Gibson","60ml gin,10ml dry vermouth","['floral', 'herbal', 'spicy', 'floral', 'herbal']","['gin']","heavy","['gin', 'floral', 'herbal', 'spicy', 'floral', 'herbal']","Counter({'floral': 2, 'herbal': 2, 'gin': 1, 'spicy': 1})","[0, 5, 0, 0, 0, 0, 0, 0, 0, 0, 0, 0, 0, 0, 1, 0, 0, 2, 2, 0, 0, 0, 0, 0, 0, 0, 0, 3]"
"Ramos Gin Fizz","50ml gin,10ml lime juice,10ml lemon juice,20ml gomme,3 drops orange flower extract,3 drops vanilla extract,1 egg white,20ml half & half,top soda","['floral', 'herbal', 'spicy', 'carbonated', 'creamy', 'citrusy', 'sour', 'vanilla', 'sweet']","['gin', 'egg white']","light","['gin', 'egg white', 'floral', 'herbal', 'spicy', 'carbonated', 'creamy', 'citrusy', 'sour', 'vanilla', 'sweet']","Counter({'gin': 1, 'egg white': 1, 'floral': 1, 'herbal': 1, 'spicy': 1, 'carbonated': 1, 'creamy': 1, 'citrusy': 1, 'sour': 1, 'vanilla': 1, 'sweet': 1})","[0, 5, 0, 0, 0, 0, 0, 0, 0, 0, 5, 1, 1, 0, 1, 0, 1, 1, 1, 1, 0, 0, 0, 0, 1, 0, 1, 0]"
"Singapore Sling","25ml gin,10ml grand marnier,10ml maraschino liqueur,10ml benedictine,40ml pineapple juice,20ml lime juice,1 dash angostura bitters,top soda","['floral', 'herbal', 'spicy', 'fruity', 'sweet', 'spicy', 'caramel', 'vanilla', 'citrusy', 'bitter', 'bitter', 'fruity', 'sour', 'floral', 'herbal', 'citrusy', 'sweet', 'spicy', 'carbonated', 'citrusy', 'sour', 'sweet', 'fruity', 'sweet', 'fruity', 'bitter']","['gin', 'brandy']","heavy","['gin', 'brandy', 'floral', 'herbal', 'spicy', 'fruity', 'sweet', 'spicy', 'caramel', 'vanilla', 'citrusy', 'bitter', 'bitter', 'fruity', 'sour', 'floral', 'herbal', 'citrusy', 'sweet', 'spicy', 'carbonated', 'citrusy', 'sour', 'sweet', 'fruity', 'sweet', 'fruity', 'bitter']","Counter({'fruity': 4, 'sweet': 4, 'spicy': 3, 'citrusy': 3, 'bitter': 3, 'floral': 2, 'herbal': 2, 'sour': 2, 'gin': 1, 'brandy': 1, 'caramel': 1, 'vanilla': 1, 'carbonated': 1})","[0, 5, 0, 0, 0, 5, 0, 0, 0, 0, 0, 4, 2, 3, 3, 0, 3, 2, 2, 0, 4, 0, 0, 0, 1, 1, 1, 3]"
"Pina Colada","50ml golden rum,50ml pineapple juice,35ml coconut milk,15ml lime juice","['sweet', 'creamy', 'creamy', 'sweet', 'citrusy', 'sour', 'sweet', 'fruity', 'sweet', 'fruity', 'sweet', 'creamy', 'nutty']","['rum']","light","['rum', 'sweet', 'creamy', 'creamy', 'sweet', 'citrusy', 'sour', 'sweet', 'fruity', 'sweet', 'fruity', 'sweet', 'creamy', 'nutty']","Counter({'sweet': 5, 'creamy': 3, 'fruity': 2, 'rum': 1, 'citrusy': 1, 'sour': 1, 'nutty': 1})","[0, 0, 5, 0, 0, 0, 0, 0, 0, 0, 0, 5, 1, 0, 0, 0, 1, 0, 0, 3, 2, 0, 0, 1, 0, 0, 0, 0]"
"Mint Julep","50ml bourbon,15ml gomme,8 mint leaves","['spicy', 'smoky', 'vanilla', 'caramel', 'herbal', 'sweet']","['whiskey']","light","['whiskey', 'spicy', 'smoky', 'vanilla', 'caramel', 'herbal', 'sweet']","Counter({'whiskey': 1, 'spicy': 1, 'smoky': 1, 'vanilla': 1, 'caramel': 1, 'herbal': 1, 'sweet': 1})","[5, 0, 0, 0, 0, 0, 0, 0, 0, 0, 0, 1, 0, 0, 1, 0, 0, 0, 1, 0, 0, 0, 1, 0, 0, 1, 1, 0]"
"Blue Blazer","60ml cask strength whiskey (55% +),10ml demerara sugar syrup,40ml boiling water","['spicy', 'smoky', 'vanilla', 'caramel', 'sweet']","['whiskey']","light","['whiskey', 'spicy', 'smoky', 'vanilla', 'caramel', 'sweet']","Counter({'whiskey': 1, 'spicy': 1, 'smoky': 1, 'vanilla': 1, 'caramel': 1, 'sweet': 1})","[5, 0, 0, 0, 0, 0, 0, 0, 0, 0, 0, 1, 0, 0, 1, 0, 0, 0, 0, 0, 0, 0, 1, 0, 0, 1, 1, 0]"
"Breakfast Martini","50ml gin,15ml triple sec,15ml lemon juice,1 teaspoon marmalade (stir with lemon juice)","['floral', 'herbal', 'spicy', 'citrusy', 'sweet', 'citrusy', 'sour']","['gin']","light","['gin', 'floral', 'herbal', 'spicy', 'citrusy', 'sweet', 'citrusy', 'sour']","Counter({'citrusy': 2, 'gin': 1, 'floral': 1, 'herbal': 1, 'spicy': 1, 'sweet': 1, 'sour': 1})","[0, 5, 0, 0, 0, 0, 0, 0, 0, 0, 0, 1, 1, 0, 1, 0, 2, 1, 1, 0, 0, 0, 0, 0, 0, 0, 0, 0]"
"Hot Toddy","50ml whiskey,10ml lemon juice,10ml honey,2 cloves,1 cinnamon stick,pinch nutmeg,60ml hot water","['spicy', 'smoky', 'vanilla', 'caramel', 'citrusy', 'sour', 'spicy', 'sweet']","['whiskey']","light","['whiskey', 'spicy', 'smoky', 'vanilla', 'caramel', 'citrusy', 'sour', 'spicy', 'sweet']","Counter({'spicy': 2, 'whiskey': 1, 'smoky': 1, 'vanilla': 1, 'caramel': 1, 'citrusy': 1, 'sour': 1, 'sweet': 1})","[5, 0, 0, 0, 0, 0, 0, 0, 0, 0, 0, 1, 1, 0, 2, 0, 1, 0, 0, 0, 0, 0, 1, 0, 0, 1, 1, 0]"
"Clover Club","50ml gin,10ml fresh lemon juice,10ml grenadine,10ml sweet vermouth,5 raspberries,egg white","['floral', 'herbal', 'spicy', 'sweet', 'spicy', 'herbal', 'bitter', 'fruity', 'sweet', 'creamy', 'citrusy', 'sour', 'sweet', 'fruity']","['gin', 'egg white']","heavy","['gin', 'egg white', 'floral', 'herbal', 'spicy', 'sweet', 'spicy', 'herbal', 'bitter', 'fruity', 'sweet', 'creamy', 'citrusy', 'sour', 'sweet', 'fruity']","Counter({'sweet': 3, 'herbal': 2, 'spicy': 2, 'fruity': 2, 'gin': 1, 'egg white': 1, 'floral': 1, 'bitter': 1, 'creamy': 1, 'citrusy': 1, 'sour': 1})","[0, 5, 0, 0, 0, 0, 0, 0, 0, 0, 5, 3, 1, 1, 2, 0, 1, 1, 2, 1, 2, 0, 0, 0, 0, 0, 0, 3]"
"Zombie","25ml golden rum,25ml dark rum,25ml triple sec,15ml lime juice,40ml orange juice,25ml passionfruit puree,7.5ml grenadine,2 dashes angostura bitters","['sweet', 'caramel', 'smoky', 'citrusy', 'sweet', 'citrusy', 'sweet', 'fruity', 'sweet', 'citrusy', 'sour', 'citrusy', 'sour', 'sweet', 'fruity', 'bitter']","['rum']","heavy","['rum', 'sweet', 'caramel', 'smoky', 'citrusy', 'sweet', 'citrusy', 'sweet', 'fruity', 'sweet', 'citrusy', 'sour', 'citrusy', 'sour', 'sweet', 'fruity', 'bitter']","Counter({'sweet': 5, 'citrusy': 4, 'fruity': 2, 'sour': 2, 'rum': 1, 'caramel': 1, 'smoky': 1, 'bitter': 1})","[0, 0, 5, 0, 0, 0, 0, 0, 0, 0, 0, 5, 2, 1, 0, 0, 4, 0, 0, 0, 2, 0, 1, 0, 0, 1, 0, 3]"
"Americano","45ml campari,45ml sweet vermouth,top soda","['sweet', 'spicy', 'herbal', 'bitter', 'bitter', 'citrusy', 'carbonated']","[]","light","['sweet', 'spicy', 'herbal', 'bitter', 'bitter', 'citrusy', 'carbonated']","Counter({'bitter': 2, 'sweet': 1, 'spicy': 1, 'herbal': 1, 'citrusy': 1, 'carbonated': 1})","[0, 0, 0, 0, 0, 0, 0, 0, 0, 0, 0, 1, 0, 2, 1, 0, 1, 0, 1, 0, 0, 0, 0, 0, 1, 0, 0, 0]"
"Cubre Libre","50ml rum,3 wedges lime squeezed,top coca-cola","['sweet', 'sweet', 'carbonated', 'caramel', 'citrusy', 'sour']","['rum']","light","['rum', 'sweet', 'sweet', 'carbonated', 'caramel', 'citrusy', 'sour']","Counter({'sweet': 2, 'rum': 1, 'carbonated': 1, 'caramel': 1, 'citrusy': 1, 'sour': 1})","[0, 0, 5, 0, 0, 0, 0, 0, 0, 0, 0, 2, 1, 0, 0, 0, 1, 0, 0, 0, 0, 0, 0, 0, 1, 1, 0, 0]"
"Seabreeze","50ml vodka,50ml cranberry juice,25ml grapefruit juice","['sweet', 'fruity', 'sour', 'bitter', 'sweet', 'fruity']","['vodka']","light","['vodka', 'sweet', 'fruity', 'sour', 'bitter', 'sweet', 'fruity']","Counter({'sweet': 2, 'fruity': 2, 'vodka': 1, 'sour': 1, 'bitter': 1})","[0, 0, 0, 0, 5, 0, 0, 0, 0, 0, 0, 2, 1, 1, 0, 0, 0, 0, 0, 0, 2, 0, 0, 0, 0, 0, 0, 0]"
"Anejo Highball","35ml golden rum,15ml triple sec,10ml lime juice,1 dash angostura bitters,top ginger beer","['sweet', 'citrusy', 'sweet', 'carbonated', 'spicy', 'citrusy', 'sour', 'bitter']","['rum']","light","['rum', 'sweet', 'citrusy', 'sweet', 'carbonated', 'spicy', 'citrusy', 'sour', 'bitter']","Counter({'sweet': 2, 'citrusy': 2, 'rum': 1, 'carbonated': 1, 'spicy': 1, 'sour': 1, 'bitter': 1})","[0, 0, 5, 0, 0, 0, 0, 0, 0, 0, 0, 2, 1, 1, 1, 0, 2, 0, 0, 0, 0, 0, 0, 0, 1, 0, 0, 0]"
"Aviation","50ml gin,10ml maraschino liqueur,7.5ml violet liqueur,20ml lemon juice","['floral', 'herbal', 'spicy', 'bitter', 'fruity', 'sour', 'citrusy', 'sour', 'sweet', 'floral']","['gin']","light","['gin', 'floral', 'herbal', 'spicy', 'bitter', 'fruity', 'sour', 'citrusy', 'sour', 'sweet', 'floral']","Counter({'floral': 2, 'sour': 2, 'gin': 1, 'herbal': 1, 'spicy': 1, 'bitter': 1, 'fruity': 1, 'citrusy': 1, 'sweet': 1})","[0, 5, 0, 0, 0, 0, 0, 0, 0, 0, 0, 1, 2, 1, 1, 0, 1, 2, 1, 0, 1, 0, 0, 0, 0, 0, 0, 0]"
"Rum Swizzle","50ml rum,15ml velvet falernum,20ml lime juice,10ml demerara sugar syrup,1 dash angostura bitters","['sweet', 'sweet', 'spicy', 'citrusy', 'citrusy', 'sour', 'bitter', 'sweet']","['rum']","light","['rum', 'sweet', 'sweet', 'spicy', 'citrusy', 'citrusy', 'sour', 'bitter', 'sweet']","Counter({'sweet': 3, 'citrusy': 2, 'rum': 1, 'spicy': 1, 'sour': 1, 'bitter': 1})","[0, 0, 5, 0, 0, 0, 0, 0, 0, 0, 0, 3, 1, 1, 1, 0, 2, 0, 0, 0, 0, 0, 0, 0, 0, 0, 0, 0]"
"Planter's Punch","50ml dark rum,20ml lime juice,15ml gomme,3 dashes angostura bitters,top soda","['sweet', 'caramel', 'smoky', 'carbonated', 'citrusy', 'sour', 'bitter', 'sweet']","['rum']","light","['rum', 'sweet', 'caramel', 'smoky', 'carbonated', 'citrusy', 'sour', 'bitter', 'sweet']","Counter({'sweet': 2, 'rum': 1, 'caramel': 1, 'smoky': 1, 'carbonated': 1, 'citrusy': 1, 'sour': 1, 'bitter': 1})","[0, 0, 5, 0, 0, 0, 0, 0, 0, 0, 0, 2, 1, 1, 0, 0, 1, 0, 0, 0, 0, 0, 1, 0, 1, 1, 0, 0]"
"Bramble","50ml gin,25ml fresh lemon juice,10ml sugar syrup,10ml blackberry liqueur","['floral', 'herbal', 'spicy', 'citrusy', 'sour', 'sweet', 'fruity', 'sweet']","['gin']","light","['gin', 'floral', 'herbal', 'spicy', 'citrusy', 'sour', 'sweet', 'fruity', 'sweet']","Counter({'sweet': 2, 'gin': 1, 'floral': 1, 'herbal': 1, 'spicy': 1, 'citrusy': 1, 'sour': 1, 'fruity': 1})","[0, 5, 0, 0, 0, 0, 0, 0, 0, 0, 0, 2, 1, 0, 1, 0, 1, 1, 1, 0, 1, 0, 0, 0, 0, 0, 0, 0]"
"French 75","15ml gin,7.5ml lemon juice,5ml gomme,top champagne","['floral', 'herbal', 'spicy', 'citrusy', 'sour', 'sweet']","['gin', 'champagne']","light","['gin', 'champagne', 'floral', 'herbal', 'spicy', 'citrusy', 'sour', 'sweet']","Counter({'gin': 1, 'champagne': 1, 'floral': 1, 'herbal': 1, 'spicy': 1, 'citrusy': 1, 'sour': 1, 'sweet': 1})","[0, 5, 0, 0, 0, 0, 5, 0, 0, 0, 0, 1, 1, 0, 1, 0, 1, 1, 1, 0, 0, 0, 0, 0, 0, 0, 0, 0]"
"White Russian","25ml vodka,25ml coffee liqueur,75ml half/half (1:1 milk/cream)","['creamy', 'caramel']","['vodka', 'coffee']","light","['vodka', 'coffee', 'creamy', 'caramel']","Counter({'vodka': 1, 'coffee': 1, 'creamy': 1, 'caramel': 1})","[0, 0, 0, 0, 5, 0, 0, 0, 0, 5, 0, 0, 0, 0, 0, 0, 0, 0, 0, 1, 0, 0, 0, 0, 0, 1, 0, 0]"
"Elderflower Collins","40ml gin,15ml elderflower liqueur,10ml gomme,4 lime wedges,top soda","['floral', 'herbal', 'spicy', 'floral', 'sweet', 'carbonated', 'citrusy', 'sour', 'sweet']","['gin']","light","['gin', 'floral', 'herbal', 'spicy', 'floral', 'sweet', 'carbonated', 'citrusy', 'sour', 'sweet']","Counter({'floral': 2, 'sweet': 2, 'gin': 1, 'herbal': 1, 'spicy': 1, 'carbonated': 1, 'citrusy': 1, 'sour': 1})","[0, 5, 0, 0, 0, 0, 0, 0, 0, 0, 0, 2, 1, 0, 1, 0, 1, 2, 1, 0, 0, 0, 0, 0, 1, 0, 0, 0]"
"Gimlet","60ml gin,20ml lime juice,10ml gomme syrup","['floral', 'herbal', 'spicy', 'citrusy', 'sour', 'sweet']","['gin']","light","['gin', 'floral', 'herbal', 'spicy', 'citrusy', 'sour', 'sweet']","Counter({'gin': 1, 'floral': 1, 'herbal': 1, 'spicy': 1, 'citrusy': 1, 'sour': 1, 'sweet': 1})","[0, 5, 0, 0, 0, 0, 0, 0, 0, 0, 0, 1, 1, 0, 1, 0, 1, 1, 1, 0, 0, 0, 0, 0, 0, 0, 0, 0]"
"Pisco Sour","50ml pisco,2ml lime juice,10ml gomme,1 egg white","['fruity', 'sweet', 'spicy', 'caramel', 'vanilla', 'creamy', 'citrusy', 'sour', 'sweet']","['brandy', 'egg white']","light","['brandy', 'egg white', 'fruity', 'sweet', 'spicy', 'caramel', 'vanilla', 'creamy', 'citrusy', 'sour', 'sweet']","Counter({'sweet': 2, 'brandy': 1, 'egg white': 1, 'fruity': 1, 'spicy': 1, 'caramel': 1, 'vanilla': 1, 'creamy': 1, 'citrusy': 1, 'sour': 1})","[0, 0, 0, 0, 0, 5, 0, 0, 0, 0, 5, 2, 1, 0, 1, 0, 1, 0, 0, 1, 1, 0, 0, 0, 0, 1, 1, 0]"
"Tom Collins","50ml gin,20ml lemon juice,15ml simple syrup,150ml soda water","['floral', 'herbal', 'spicy', 'carbonated', 'citrusy', 'sour', 'sweet']","['gin']","light","['gin', 'floral', 'herbal', 'spicy', 'carbonated', 'citrusy', 'sour', 'sweet']","Counter({'gin': 1, 'floral': 1, 'herbal': 1, 'spicy': 1, 'carbonated': 1, 'citrusy': 1, 'sour': 1, 'sweet': 1})","[0, 5, 0, 0, 0, 0, 0, 0, 0, 0, 0, 1, 1, 0, 1, 0, 1, 1, 1, 0, 0, 0, 0, 0, 1, 0, 0, 0]"
"Long Island Iced Tea","10ml vodka,10ml tequila,10ml rum,10ml orange liqueur,10ml gin,100ml cola","['sweet', 'floral', 'herbal', 'spicy', 'herbal', 'spicy', 'citrusy', 'sweet', 'sweet', 'carbonated', 'caramel']","['gin', 'rum', 'vodka', 'tequila']","heavy","['gin', 'rum', 'vodka', 'tequila', 'sweet', 'floral', 'herbal', 'spicy', 'herbal', 'spicy', 'citrusy', 'sweet', 'sweet', 'carbonated', 'caramel']","Counter({'sweet': 3, 'herbal': 2, 'spicy': 2, 'gin': 1, 'rum': 1, 'vodka': 1, 'tequila': 1, 'floral': 1, 'citrusy': 1, 'carbonated': 1, 'caramel': 1})","[0, 5, 5, 5, 5, 0, 0, 0, 0, 0, 0, 3, 0, 0, 2, 0, 1, 1, 2, 0, 0, 0, 0, 0, 1, 1, 0, 3]"
"Kir Royale","110ml champagne,15ml crème de cassis","['sweet', 'fruity', 'creamy']","['champagne']","light","['champagne', 'sweet', 'fruity', 'creamy']","Counter({'champagne': 1, 'sweet': 1, 'fruity': 1, 'creamy': 1})","[0, 0, 0, 0, 0, 0, 5, 0, 0, 0, 0, 1, 0, 0, 0, 0, 0, 0, 0, 1, 1, 0, 0, 0, 0, 0, 0, 0]"
"Sazerac","40 rye whiskey,20ml cognac,1 brown sugar cube,3 dashes of peychaud’s bitters","['spicy', 'smoky', 'vanilla', 'caramel', 'fruity', 'sweet', 'spicy', 'caramel', 'vanilla', 'bitter', 'sweet']","['whiskey', 'brandy']","heavy","['whiskey', 'brandy', 'spicy', 'smoky', 'vanilla', 'caramel', 'fruity', 'sweet', 'spicy', 'caramel', 'vanilla', 'bitter', 'sweet']","Counter({'spicy': 2, 'vanilla': 2, 'caramel': 2, 'sweet': 2, 'whiskey': 1, 'brandy': 1, 'smoky': 1, 'fruity': 1, 'bitter': 1})","[5, 0, 0, 0, 0, 5, 0, 0, 0, 0, 0, 2, 0, 1, 2, 0, 0, 0, 0, 0, 1, 0, 1, 0, 0, 2, 2, 3]"
"Pimm's Cup","50ml pimm’s no.1 cup,125ml lemonade,5 mint leaves,2 slices of orange,2 slices of apple,2 slices of cucumber,1 strawberry (cut in quarters)","['citrusy', 'sweet', 'herbal', 'herbal', 'citrusy', 'sour', 'sweet', 'fruity', 'sweet', 'fruity']","[]","light","['citrusy', 'sweet', 'herbal', 'herbal', 'citrusy', 'sour', 'sweet', 'fruity', 'sweet', 'fruity']","Counter({'sweet': 3, 'citrusy': 2, 'herbal': 2, 'fruity': 2, 'sour': 1})","[0, 0, 0, 0, 0, 0, 0, 0, 0, 0, 0, 3, 1, 0, 0, 0, 2, 0, 2, 0, 2, 0, 0, 0, 0, 0, 0, 0]"
"Cosmopolitan","30ml vodka,20ml triple sec,60ml cranberry juice,10ml lime juice,2 dashes orange bitters","['citrusy', 'sweet', 'sweet', 'fruity', 'sour', 'bitter', 'citrusy', 'sour', 'bitter']","['vodka']","light","['vodka', 'citrusy', 'sweet', 'sweet', 'fruity', 'sour', 'bitter', 'citrusy', 'sour', 'bitter']","Counter({'citrusy': 2, 'sweet': 2, 'sour': 2, 'bitter': 2, 'vodka': 1, 'fruity': 1})","[0, 0, 0, 0, 5, 0, 0, 0, 0, 0, 0, 2, 2, 2, 0, 0, 2, 0, 0, 0, 1, 0, 0, 0, 0, 0, 0, 0]"
"Bellini","100ml prosecco,25ml peach puree","['fruity', 'floral', 'citrusy', 'carbonated', 'sweet', 'fruity']","['wine']","light","['wine', 'fruity', 'floral', 'citrusy', 'carbonated', 'sweet', 'fruity']","Counter({'fruity': 2, 'wine': 1, 'floral': 1, 'citrusy': 1, 'carbonated': 1, 'sweet': 1})","[0, 0, 0, 0, 0, 0, 0, 5, 0, 0, 0, 1, 0, 0, 0, 0, 1, 1, 0, 0, 2, 0, 0, 0, 1, 0, 0, 0]"
"Vesper Martini","40ml gin,10ml vodka,5ml lillet","['floral', 'herbal', 'spicy', 'sweet', 'fruity', 'citrusy', 'floral']","['gin', 'wine', 'vodka']","heavy","['gin', 'wine', 'vodka', 'floral', 'herbal', 'spicy', 'sweet', 'fruity', 'citrusy', 'floral']","Counter({'floral': 2, 'gin': 1, 'wine': 1, 'vodka': 1, 'herbal': 1, 'spicy': 1, 'sweet': 1, 'fruity': 1, 'citrusy': 1})","[0, 5, 0, 0, 5, 0, 0, 5, 0, 0, 0, 1, 0, 0, 1, 0, 1, 2, 1, 0, 1, 0, 0, 0, 0, 0, 0, 3]"
"Hemingway Daiquiri","35ml white rum,15ml maraschino liqueur,20ml lime juice,60ml grapefruit juice,10ml gomme","['sweet', 'bitter', 'fruity', 'sour', 'citrusy', 'sour', 'sweet', 'fruity', 'sweet']","['rum']","light","['rum', 'sweet', 'bitter', 'fruity', 'sour', 'citrusy', 'sour', 'sweet', 'fruity', 'sweet']","Counter({'sweet': 3, 'fruity': 2, 'sour': 2, 'rum': 1, 'bitter': 1, 'citrusy': 1})","[0, 0, 5, 0, 0, 0, 0, 0, 0, 0, 0, 3, 2, 1, 0, 0, 1, 0, 0, 0, 2, 0, 0, 0, 0, 0, 0, 0]"
"Mai Tai","25ml gold rum,25ml dark rum,15ml triple sec,15ml orgeat syrup,25ml lime juice","['sweet', 'caramel', 'smoky', 'citrusy', 'sweet', 'citrusy', 'sour', 'sweet']","['rum']","light","['rum', 'sweet', 'caramel', 'smoky', 'citrusy', 'sweet', 'citrusy', 'sour', 'sweet']","Counter({'sweet': 3, 'citrusy': 2, 'rum': 1, 'caramel': 1, 'smoky': 1, 'sour': 1})","[0, 0, 5, 0, 0, 0, 0, 0, 0, 0, 0, 3, 1, 0, 0, 0, 2, 0, 0, 0, 0, 0, 1, 0, 0, 1, 0, 0]"
"Paloma","50ml reposado tequila,25ml pink grapefruit juice,15ml lime juice,5ml agave syrup,top grapefruit soda","['herbal', 'spicy', 'carbonated', 'citrusy', 'sour', 'sweet', 'fruity', 'sweet']","['tequila']","light","['tequila', 'herbal', 'spicy', 'carbonated', 'citrusy', 'sour', 'sweet', 'fruity', 'sweet']","Counter({'sweet': 2, 'tequila': 1, 'herbal': 1, 'spicy': 1, 'carbonated': 1, 'citrusy': 1, 'sour': 1, 'fruity': 1})","[0, 0, 0, 5, 0, 0, 0, 0, 0, 0, 0, 2, 1, 0, 1, 0, 1, 0, 1, 0, 1, 0, 0, 0, 1, 0, 0, 0]"
"Tommy's Margarita","50ml reposado tequila,25ml lime juice,15ml agave syrup","['herbal', 'spicy', 'citrusy', 'sour', 'sweet']","['tequila']","light","['tequila', 'herbal', 'spicy', 'citrusy', 'sour', 'sweet']","Counter({'tequila': 1, 'herbal': 1, 'spicy': 1, 'citrusy': 1, 'sour': 1, 'sweet': 1})","[0, 0, 0, 5, 0, 0, 0, 0, 0, 0, 0, 1, 1, 0, 1, 0, 1, 0, 1, 0, 0, 0, 0, 0, 0, 0, 0, 0]"
"Bloody Mary","50ml vodka,80ml tomato juice,15ml lemon juice,15ml worcester sauce,5 dashes tabasco sauce,2 pinches of celery salt,2 pinches onion salt,2 pinches of black pepper","['citrusy', 'sour', 'spicy', 'herbal', 'spicy', 'spicy', 'sour', 'salty']","['vodka']","light","['vodka', 'citrusy', 'sour', 'spicy', 'herbal', 'spicy', 'spicy', 'sour', 'salty']","Counter({'spicy': 3, 'sour': 2, 'vodka': 1, 'citrusy': 1, 'herbal': 1, 'salty': 1})","[0, 0, 0, 0, 5, 0, 0, 0, 0, 0, 0, 0, 2, 0, 3, 1, 1, 0, 1, 0, 0, 0, 0, 0, 0, 0, 0, 0]"
"Vodka Martini","50ml vodka,5ml dry vermouth","['floral', 'herbal']","['vodka']","heavy","['vodka', 'floral', 'herbal']","Counter({'vodka': 1, 'floral': 1, 'herbal': 1})","[0, 0, 0, 0, 5, 0, 0, 0, 0, 0, 0, 0, 0, 0, 0, 0, 0, 1, 1, 0, 0, 0, 0, 0, 0, 0, 0, 3]"
"Amaretto Sour","50ml amaretto liqueur,25ml lemon juice,15ml simple syrup,egg white","['sweet', 'nutty', 'creamy', 'citrusy', 'sour', 'sweet']","['egg white']","light","['egg white', 'sweet', 'nutty', 'creamy', 'citrusy', 'sour', 'sweet']","Counter({'sweet': 2, 'egg white': 1, 'nutty': 1, 'creamy': 1, 'citrusy': 1, 'sour': 1})","[0, 0, 0, 0, 0, 0, 0, 0, 0, 0, 5, 2, 1, 0, 0, 0, 1, 0, 0, 1, 0, 0, 0, 1, 0, 0, 0, 0]"
"Caipirinha","60ml cachaça,4-6 wedges of fresh lime,10ml simple syrup","['sweet', 'herbal', 'fruity', 'citrusy', 'sour', 'sweet']","[]","light","['sweet', 'herbal', 'fruity', 'citrusy', 'sour', 'sweet']","Counter({'sweet': 2, 'herbal': 1, 'fruity': 1, 'citrusy': 1, 'sour': 1})","[0, 0, 0, 0, 0, 0, 0, 0, 0, 0, 0, 2, 1, 0, 0, 0, 1, 0, 1, 0, 1, 0, 0, 0, 0, 0, 0, 0]"
"Manhattan","50ml whiskey,20ml sweet vermouth,1 dash of angostura bitters","['spicy', 'smoky', 'vanilla', 'caramel', 'sweet', 'spicy', 'herbal', 'bitter', 'bitter']","['whiskey']","heavy","['whiskey', 'spicy', 'smoky', 'vanilla', 'caramel', 'sweet', 'spicy', 'herbal', 'bitter', 'bitter']","Counter({'spicy': 2, 'bitter': 2, 'whiskey': 1, 'smoky': 1, 'vanilla': 1, 'caramel': 1, 'sweet': 1, 'herbal': 1})","[5, 0, 0, 0, 0, 0, 0, 0, 0, 0, 0, 1, 0, 2, 2, 0, 0, 0, 1, 0, 0, 0, 1, 0, 0, 1, 1, 3]"
"Moscow Mule","50ml vodka,15ml lime juice,150ml ginger beer,3 dashes of angostura bitters","['carbonated', 'spicy', 'citrusy', 'sour', 'bitter']","['vodka']","light","['vodka', 'carbonated', 'spicy', 'citrusy', 'sour', 'bitter']","Counter({'vodka': 1, 'carbonated': 1, 'spicy': 1, 'citrusy': 1, 'sour': 1, 'bitter': 1})","[0, 0, 0, 0, 5, 0, 0, 0, 0, 0, 0, 0, 1, 1, 1, 0, 1, 0, 0, 0, 0, 0, 0, 0, 1, 0, 0, 0]"
"French Martini","25ml vodka,25ml chambord,50ml pineapple juice","['sweet', 'fruity', 'sweet', 'fruity', 'sweet', 'fruity', 'vanilla']","['vodka']","light","['vodka', 'sweet', 'fruity', 'sweet', 'fruity', 'sweet', 'fruity', 'vanilla']","Counter({'sweet': 3, 'fruity': 3, 'vodka': 1, 'vanilla': 1})","[0, 0, 0, 0, 5, 0, 0, 0, 0, 0, 0, 3, 0, 0, 0, 0, 0, 0, 0, 0, 3, 0, 0, 0, 0, 0, 1, 0]"
"Whiskey Sour","50ml whiskey (we recommend a bourbon),25ml lemon juice,15ml simple syrup,1 egg white,3 dashes of angostura bitters","['spicy', 'smoky', 'vanilla', 'caramel', 'creamy', 'citrusy', 'sour', 'bitter', 'sweet']","['whiskey', 'egg white']","light","['whiskey', 'egg white', 'spicy', 'smoky', 'vanilla', 'caramel', 'creamy', 'citrusy', 'sour', 'bitter', 'sweet']","Counter({'whiskey': 1, 'egg white': 1, 'spicy': 1, 'smoky': 1, 'vanilla': 1, 'caramel': 1, 'creamy': 1, 'citrusy': 1, 'sour': 1, 'bitter': 1, 'sweet': 1})","[5, 0, 0, 0, 0, 0, 0, 0, 0, 0, 5, 1, 1, 1, 1, 0, 1, 0, 0, 1, 0, 0, 1, 0, 0, 1, 1, 0]"
"Dark 'n' Stormy","50ml gosling’s black seal rum,15ml lime juice,top ginger beer,3 dashes of angostura bitters","['sweet', 'carbonated', 'spicy', 'citrusy', 'sour', 'bitter']","['rum']","light","['rum', 'sweet', 'carbonated', 'spicy', 'citrusy', 'sour', 'bitter']","Counter({'rum': 1, 'sweet': 1, 'carbonated': 1, 'spicy': 1, 'citrusy': 1, 'sour': 1, 'bitter': 1})","[0, 0, 5, 0, 0, 0, 0, 0, 0, 0, 0, 1, 1, 1, 1, 0, 1, 0, 0, 0, 0, 0, 0, 0, 1, 0, 0, 0]"
"Martini","50ml gin,5ml dry vermouth","['floral', 'herbal', 'spicy', 'floral', 'herbal']","['gin']","heavy","['gin', 'floral', 'herbal', 'spicy', 'floral', 'herbal']","Counter({'floral': 2, 'herbal': 2, 'gin': 1, 'spicy': 1})","[0, 5, 0, 0, 0, 0, 0, 0, 0, 0, 0, 0, 0, 0, 1, 0, 0, 2, 2, 0, 0, 0, 0, 0, 0, 0, 0, 3]"
"Margarita","35ml reposado tequila,15ml orange liqueur,30ml lime juice,5ml simple syrup","['herbal', 'spicy', 'citrusy', 'sweet', 'citrusy', 'sour', 'sweet']","['tequila']","light","['tequila', 'herbal', 'spicy', 'citrusy', 'sweet', 'citrusy', 'sour', 'sweet']","Counter({'citrusy': 2, 'sweet': 2, 'tequila': 1, 'herbal': 1, 'spicy': 1, 'sour': 1})","[0, 0, 0, 5, 0, 0, 0, 0, 0, 0, 0, 2, 1, 0, 1, 0, 2, 0, 1, 0, 0, 0, 0, 0, 0, 0, 0, 0]"
"Mojito","50ml rum,15ml lime juice,10ml simple syrup,50ml soda water,5 mint leaves","['sweet', 'herbal', 'carbonated', 'citrusy', 'sour', 'sweet']","['rum']","light","['rum', 'sweet', 'herbal', 'carbonated', 'citrusy', 'sour', 'sweet']","Counter({'sweet': 2, 'rum': 1, 'herbal': 1, 'carbonated': 1, 'citrusy': 1, 'sour': 1})","[0, 0, 5, 0, 0, 0, 0, 0, 0, 0, 0, 2, 1, 0, 0, 0, 1, 0, 1, 0, 0, 0, 0, 0, 1, 0, 0, 0]"
"Daiquiri","50ml rum,35ml lime juice,15ml simple syrup","['sweet', 'citrusy', 'sour', 'sweet']","['rum']","light","['rum', 'sweet', 'citrusy', 'sour', 'sweet']","Counter({'sweet': 2, 'rum': 1, 'citrusy': 1, 'sour': 1})","[0, 0, 5, 0, 0, 0, 0, 0, 0, 0, 0, 2, 1, 0, 0, 0, 1, 0, 0, 0, 0, 0, 0, 0, 0, 0, 0, 0]"
"Aperol Spritz","30ml aperol,60ml prosecco,30ml soda water","['sweet', 'herbal', 'citrusy', 'bitter', 'fruity', 'floral', 'citrusy', 'carbonated', 'carbonated']","['wine']","light","['wine', 'sweet', 'herbal', 'citrusy', 'bitter', 'fruity', 'floral', 'citrusy', 'carbonated', 'carbonated']","Counter({'citrusy': 2, 'carbonated': 2, 'wine': 1, 'sweet': 1, 'herbal': 1, 'bitter': 1, 'fruity': 1, 'floral': 1})","[0, 0, 0, 0, 0, 0, 0, 5, 0, 0, 0, 1, 0, 1, 0, 0, 2, 1, 1, 0, 1, 0, 0, 0, 2, 0, 0, 0]"
"Negroni","25ml gin,25ml sweet vermouth,25ml campari","['floral', 'herbal', 'spicy', 'sweet', 'spicy', 'herbal', 'bitter', 'bitter', 'citrusy']","['gin']","heavy","['gin', 'floral', 'herbal', 'spicy', 'sweet', 'spicy', 'herbal', 'bitter', 'bitter', 'citrusy']","Counter({'herbal': 2, 'spicy': 2, 'bitter': 2, 'gin': 1, 'floral': 1, 'sweet': 1, 'citrusy': 1})","[0, 5, 0, 0, 0, 0, 0, 0, 0, 0, 0, 1, 0, 2, 2, 0, 1, 1, 2, 0, 0, 0, 0, 0, 0, 0, 0, 3]"
"Pornstar Martini","40ml vodka,15ml passionfruit liqueur,15ml vanilla gomme,10ml lime juice,20ml passionfruit puree,50ml champagne","['citrusy', 'sour', 'citrusy', 'sour', 'sweet', 'fruity', 'vanilla', 'sweet']","['vodka', 'champagne']","light","['vodka', 'champagne', 'citrusy', 'sour', 'citrusy', 'sour', 'sweet', 'fruity', 'vanilla', 'sweet']","Counter({'citrusy': 2, 'sour': 2, 'sweet': 2, 'vodka': 1, 'champagne': 1, 'fruity': 1, 'vanilla': 1})","[0, 0, 0, 0, 5, 0, 5, 0, 0, 0, 0, 2, 2, 0, 0, 0, 2, 0, 0, 0, 1, 0, 0, 0, 0, 0, 1, 0]"
"Espresso Martini","25ml vodka,25ml coffee liqueur,50ml fresh espresso coffee,5ml simple syrup (optional)","['caramel', 'sweet']","['vodka', 'coffee']","light","['vodka', 'coffee', 'caramel', 'sweet']","Counter({'vodka': 1, 'coffee': 1, 'caramel': 1, 'sweet': 1})","[0, 0, 0, 0, 5, 0, 0, 0, 0, 5, 0, 1, 0, 0, 0, 0, 0, 0, 0, 0, 0, 0, 0, 0, 0, 1, 0, 0]"
"Old Fashioned","50ml bourbon,3 dashes of angostura bitters,1 brown sugar cube","['spicy', 'smoky', 'vanilla', 'caramel', 'bitter', 'sweet']","['whiskey']","heavy","['whiskey', 'spicy', 'smoky', 'vanilla', 'caramel', 'bitter', 'sweet']","Counter({'whiskey': 1, 'spicy': 1, 'smoky': 1, 'vanilla': 1, 'caramel': 1, 'bitter': 1, 'sweet': 1})","[5, 0, 0, 0, 0, 0, 0, 0, 0, 0, 0, 1, 0, 1, 1, 0, 0, 0, 0, 0, 0, 0, 1, 0, 0, 1, 1, 3]"
"Screwdriver","44ml vodka, 177ml orange juice, 1.5 cups of ice cubes","['citrusy', 'sweet']","['vodka']","light","['vodka', 'citrusy', 'sweet']","Counter({'vodka': 1, 'citrusy': 1, 'sweet': 1})","[0, 0, 0, 0, 5, 0, 0, 0, 0, 0, 0, 1, 0, 0, 0, 0, 1, 0, 0, 0, 0, 0, 0, 0, 0, 0, 0, 0]"
"Gin & Tonic","60ml gin, 120ml tonic water","['floral', 'herbal', 'spicy', 'carbonated']","['gin']","light","['gin', 'floral', 'herbal', 'spicy', 'carbonated']","Counter({'gin': 1, 'floral': 1, 'herbal': 1, 'spicy': 1, 'carbonated': 1})","[0, 5, 0, 0, 0, 0, 0, 0, 0, 0, 0, 0, 0, 0, 1, 0, 0, 1, 1, 0, 0, 0, 0, 0, 1, 0, 0, 0]"
